{"dewarped_focal": 228.51976699817072, "dist_poly": [-0.00041177411197550293, -24.55213692337162, -0.1079410534908935, 1.7925995927522211, -0.340963318960962], "rotation": [[0.999813139438629, 0.014899850822985169, -0.012317746877670286], [-0.0183389373123646, 0.5293908715248107, -0.848179817199707], [-0.006116850301623388, 0.8482472300529481, 0.529565155506134]], "sensor_width": 2592, "pixel_width": 0.001, "translation": [4.137057365826243, -21.885016162590002, 11.965760587785072]}